model,seed,fold,n_train,n_test,roc_auc,average_precision,accuracy
rmmol_true,11,1,1622,406,0.8943306820104925,0.9598834405388827,0.8571428571428571
rmmol_true,11,2,1622,406,0.9125672043010752,0.9628172297084624,0.8768472906403941
rmmol_true,11,3,1622,406,0.8909610215053764,0.958588182905463,0.8522167487684729
rmmol_true,11,4,1623,405,0.8912054329371817,0.954742049442202,0.8839506172839506
rmmol_true,11,5,1623,405,0.9325636672325976,0.9780959832519645,0.8740740740740741
rmmol_true,17,1,1622,406,0.9048908444745304,0.9602454381999488,0.8719211822660099
rmmol_true,17,2,1622,406,0.9199596774193548,0.972069964454525,0.8768472906403941
rmmol_true,17,3,1622,406,0.8913306451612902,0.9588593443865808,0.8596059113300493
rmmol_true,17,4,1623,405,0.913684210526316,0.9664980730973444,0.8814814814814815
rmmol_true,17,5,1623,405,0.8922241086587435,0.9572100635320464,0.8567901234567902
rmmol_true,23,1,1622,406,0.9023015738703672,0.9639675985916794,0.8596059113300493
rmmol_true,23,2,1622,406,0.9236895161290324,0.9718455356791942,0.8866995073891626
rmmol_true,23,3,1622,406,0.8931451612903224,0.9584848548005808,0.8866995073891626
rmmol_true,23,4,1623,405,0.924414261460102,0.9721260752122016,0.8790123456790123
rmmol_true,23,5,1623,405,0.8681154499151104,0.9441414417365857,0.8641975308641975
confseq,11,1,1622,406,0.9155863936368251,0.9706810935935472,0.8719211822660099
confseq,11,2,1622,406,0.9014448924731182,0.9626978716492623,0.8793103448275862
confseq,11,3,1622,406,0.885483870967742,0.9603225728977036,0.8399014778325123
confseq,11,4,1623,405,0.9035993208828524,0.9520360524115624,0.8962962962962963
confseq,11,5,1623,405,0.8985059422750424,0.9656798516899192,0.8691358024691358
confseq,17,1,1622,406,0.9028261973261128,0.9661903320086308,0.874384236453202
confseq,17,2,1622,406,0.9119959677419356,0.9681087376111412,0.8842364532019704
confseq,17,3,1622,406,0.8681115591397851,0.950669217850667,0.8448275862068966
confseq,17,4,1623,405,0.9003056027164686,0.9622932011331976,0.8790123456790123
confseq,17,5,1623,405,0.9094057724957556,0.9591897540654156,0.8814814814814815
confseq,23,1,1622,406,0.8954814689456762,0.9638919877222224,0.8669950738916257
confseq,23,2,1622,406,0.8967405913978496,0.9631695695694956,0.874384236453202
confseq,23,3,1622,406,0.8749327956989247,0.95324451546999,0.8571428571428571
confseq,23,4,1623,405,0.929949066213922,0.9765868954257731,0.8888888888888888
confseq,23,5,1623,405,0.8813921901528012,0.9472594506507312,0.8493827160493828
grover,11,1,1622,406,0.926315789473684,0.9755163582396428,0.874384236453202
grover,11,2,1622,406,0.8985887096774193,0.9585676265608728,0.896551724137931
grover,11,3,1622,406,0.8730846774193548,0.9425682566515848,0.8694581280788177
grover,11,4,1623,405,0.9093548387096774,0.959140631038097,0.8790123456790123
grover,11,5,1623,405,0.925195246179966,0.9701946773200404,0.8938271604938272
grover,17,1,1622,406,0.8873921137248265,0.955193007178718,0.8842364532019704
grover,17,2,1622,406,0.9120631720430108,0.968090475827917,0.8669950738916257
grover,17,3,1622,406,0.8805107526881721,0.9506791304163136,0.8596059113300493
grover,17,4,1623,405,0.9132088285229204,0.9645000028755824,0.8938271604938272
grover,17,5,1623,405,0.9137521222410868,0.9626410436364964,0.8839506172839506
grover,23,1,1622,406,0.9066677948891522,0.9650605261212618,0.8669950738916257
grover,23,2,1622,406,0.9185483870967744,0.9687740376233698,0.8866995073891626
grover,23,3,1622,406,0.8908602150537634,0.9537955933925972,0.8645320197044335
grover,23,4,1623,405,0.9165704584040748,0.9703917262954732,0.8765432098765432
grover,23,5,1623,405,0.89276740237691,0.9504697674446504,0.8740740740740741
unimol,11,1,1622,406,0.9214757150110002,0.9737016029439172,0.8645320197044335
unimol,11,2,1622,406,0.8936491935483871,0.9510465448322348,0.8669950738916257
unimol,11,3,1622,406,0.8791666666666667,0.9536147491191238,0.8374384236453202
unimol,11,4,1623,405,0.8904923599320883,0.952973213078824,0.8716049382716049
unimol,11,5,1623,405,0.9074702886247876,0.9677302055075144,0.8666666666666667
unimol,17,1,1622,406,0.9062447114570992,0.9635585281233616,0.8596059113300493
unimol,17,2,1622,406,0.8881384408602151,0.9549945965523122,0.8694581280788177
unimol,17,3,1622,406,0.8847110215053763,0.9553036371229596,0.8596059113300493
unimol,17,4,1623,405,0.907911714770798,0.9667947776590664,0.8567901234567902
unimol,17,5,1623,405,0.8880475382003394,0.9514285924888298,0.8691358024691358
unimol,23,1,1622,406,0.9003215434083602,0.962296663854114,0.8620689655172413
unimol,23,2,1622,406,0.9151881720430108,0.968775740570898,0.8866995073891626
unimol,23,3,1622,406,0.892002688172043,0.956961302949227,0.854679802955665
unimol,23,4,1623,405,0.9083531409168082,0.9636087773395008,0.8666666666666667
unimol,23,5,1623,405,0.8610186757215619,0.933823686737308,0.8641975308641975
molformer,11,1,1622,406,0.945608393975292,0.982897184292084,0.8645320197044335
molformer,11,2,1622,406,0.9466061827956987,0.9836403595777364,0.8793103448275862
molformer,11,3,1622,406,0.9414986559139784,0.982309304350128,0.8793103448275862
molformer,11,4,1623,405,0.9643803056027164,0.9890697528446768,0.9135802469135802
molformer,11,5,1623,405,0.9613921901528012,0.9886247493424032,0.891358024691358
molformer,17,1,1622,406,0.9512269419529532,0.985493944581724,0.8694581280788177
molformer,17,2,1622,406,0.9576612903225806,0.987515007644932,0.8891625615763546
molformer,17,3,1622,406,0.9529233870967742,0.98561711765389,0.8817733990147784
molformer,17,4,1623,405,0.952937181663837,0.9851210483373576,0.891358024691358
molformer,17,5,1623,405,0.9450594227504244,0.983271313724187,0.8790123456790123
molformer,23,1,1622,406,0.956777796581486,0.9870461281173888,0.8990147783251231
molformer,23,2,1622,406,0.9660282258064516,0.9898432993737424,0.9014778325123152
molformer,23,3,1622,406,0.9339717741935484,0.9797189845918656,0.8596059113300493
molformer,23,4,1623,405,0.9590152801358234,0.9874978769944004,0.8938271604938272
molformer,23,5,1623,405,0.950390492359932,0.9847635318989942,0.8888888888888888
molebert,11,1,1622,406,0.9192418344897614,0.9704432294558836,0.8891625615763546
molebert,11,2,1622,406,0.8892809139784946,0.9464836323232538,0.8940886699507389
molebert,11,3,1622,406,0.8666330645161291,0.946202475772525,0.8620689655172413
molebert,11,4,1623,405,0.8882003395585739,0.9531741004487816,0.8617283950617284
molebert,11,5,1623,405,0.9051273344651952,0.9529413249022544,0.8716049382716049
molebert,17,1,1622,406,0.906041631409714,0.9608234759965406,0.8940886699507389
molebert,17,2,1622,406,0.8810483870967741,0.9492950509461584,0.8669950738916257
molebert,17,3,1622,406,0.8605174731182796,0.9358962474001176,0.854679802955665
molebert,17,4,1623,405,0.9267911714770798,0.9703500324596062,0.8938271604938272
molebert,17,5,1623,405,0.8904923599320882,0.9567705232395376,0.8839506172839506
molebert,23,1,1622,406,0.9084955153156202,0.9650680703340022,0.8768472906403941
molebert,23,2,1622,406,0.8783938172043011,0.9539666970795816,0.8571428571428571
molebert,23,3,1622,406,0.8857862903225807,0.9489259949468344,0.874384236453202
molebert,23,4,1623,405,0.9119185059422752,0.965276447085468,0.8790123456790123
molebert,23,5,1623,405,0.8826825127334466,0.9480360363146808,0.8567901234567902
fcfp,11,1,1622,406,0.9175664240988322,0.9653703345961882,0.8793103448275862
fcfp,11,2,1622,406,0.9134408602150538,0.9618826150847896,0.8817733990147784
fcfp,11,3,1622,406,0.8840389784946237,0.9398870953876932,0.8620689655172413
fcfp,11,4,1623,405,0.9197792869269948,0.9667049671614404,0.8814814814814815
fcfp,11,5,1623,405,0.9344991511035652,0.9713576495658948,0.8938271604938272
fcfp,17,1,1622,406,0.8984938229818921,0.9622488247003432,0.8645320197044335
fcfp,17,2,1622,406,0.9195060483870968,0.9670235115836124,0.8669950738916257
fcfp,17,3,1622,406,0.9061323924731184,0.9628337316339118,0.8669950738916257
fcfp,17,4,1623,405,0.9219354838709676,0.9648851110733506,0.8765432098765432
fcfp,17,5,1623,405,0.9415959252971138,0.973692637137704,0.8987654320987655
fcfp,23,1,1622,406,0.9115755627009646,0.9649002824376428,0.8497536945812808
fcfp,23,2,1622,406,0.9184811827956988,0.9633793860094706,0.8940886699507389
fcfp,23,3,1622,406,0.8984206989247311,0.9564622531750684,0.8694581280788177
fcfp,23,4,1623,405,0.9305942275042444,0.9684567799621716,0.8740740740740741
fcfp,23,5,1623,405,0.9025636672325976,0.9605338415645104,0.8938271604938272
